Workbook

Sheet Yarn Master
C1: 13-06-2025
B2: Anchor Yarn No. | C2: Opening Stock
B3: 6 | C3: 0
B4: 7 | C4: 0
B5: 8 | C5: 0
B6: 9 | C6: 0
B7: 10 | C7: 0
B8: 11 | C8: 0
B9: 13 | C9: 34
B10: 19 | C10: 0
B11: 20 | C11: 0
B12: 22 | C12: 0
B13: 24 | C13: 0
B14: 26 | C14: 0
... B39: 69 | C39: 0
B40: 70A | C40: 0
B41: 71A | C41: 0
B42: 72A | C42: 0
B43: 74 | C43: 0
B44: 76 | C44: 0
B45: 78 | C45: 0
B46: 85 | C46: 0
B47: 86 | C47: 0
B48: 87 | C48: 0
B49: 88 | C49: 0
B50: 89 | C50: 0
B51: 92 | C51: 0
B52: 94 | C52: 0
B53: 95 | C53: 0
B54: 96 | C54: 0
... B299: 9501 | C299: 25

Sheet Yarn Transaction
B2: Color No. | C2: Balance | E2: Sr. No. | F2: Color No. | G2: Date | H2: Stock In | I2: Stock Out | K2: Stock Check
B3: 6 | C3: =(VLOOKUP($B3,'Yarn Master'!$B$2:$C$299,2,)-SUMIF($F$3:$F$1000,$B3,$I$3:$I$1000)+SUMIF($F$3:$F$1000,$B3,$H$3:$H$1000)) -> 0 | E3: 1 | F3: 305 | G3: 13-06-2025 | I3: 3 | K3: Shade No. | L3: Qty
B4: 7 | C4: =(VLOOKUP($B4,'Yarn Master'!$B$2:$C$299,2,)-SUMIF($F$3:$F$1000,$B4,$I$3:$I$1000)+SUMIF($F$3:$F$1000,$B4,$H$3:$H$1000)) -> 0 | E4: 2 | F4: 280 | G4: 13-06-2025 | I4: 3 | K4: 256 | L4: =iferror(VLOOKUP($K4,$B$2:$C$299,2,FALSE),0) -> 0
B5: 8 | C5: =(VLOOKUP($B5,'Yarn Master'!$B$2:$C$299,2,)-SUMIF($F$3:$F$1000,$B5,$I$3:$I$1000)+SUMIF($F$3:$F$1000,$B5,$H$3:$H$1000)) -> 0 | E5: 3 | F5: 330 | G5: 13-06-2025 | I5: 3 | K5: 362 | L5: =iferror(VLOOKUP($K5,$B$2:$C$299,2,FALSE),0) -> 0
B6: 9 | C6: =(VLOOKUP($B6,'Yarn Master'!$B$2:$C$299,2,)-SUMIF($F$3:$F$1000,$B6,$I$3:$I$1000)+SUMIF($F$3:$F$1000,$B6,$H$3:$H$1000)) -> 25 | E6: 4 | F6: 330 | G6: 13-06-2025 | I6: 2 | K6: 368 | L6: =iferror(VLOOKUP($K6,$B$2:$C$299,2,FALSE),0) -> 0
B7: 10 | C7: =(VLOOKUP($B7,'Yarn Master'!$B$2:$C$299,2,)-SUMIF($F$3:$F$1000,$B7,$I$3:$I$1000)+SUMIF($F$3:$F$1000,$B7,$H$3:$H$1000)) -> 0 | E7: 5 | F7: 1304 | G7: 13-06-2025 | I7: 1 | K7: 9 | L7: =iferror(VLOOKUP($K7,$B$2:$C$299,2,FALSE),0) -> 25
B8: 11 | C8: =(VLOOKUP($B8,'Yarn Master'!$B$2:$C$299,2,)-SUMIF($F$3:$F$1000,$B8,$I$3:$I$1000)+SUMIF($F$3:$F$1000,$B8,$H$3:$H$1000)) -> 0 | E8: 6 | F8: 168 | G8: 13-06-2025 | I8: 1 | K8: 849 | L8: =iferror(VLOOKUP($K8,$B$2:$C$299,2,FALSE),0) -> 1
B9: 13 | C9: =(VLOOKUP($B9,'Yarn Master'!$B$2:$C$299,2,)-SUMIF($F$3:$F$1000,$B9,$I$3:$I$1000)+SUMIF($F$3:$F$1000,$B9,$H$3:$H$1000)) -> 8 | E9: 7 | F9: 204 | G9: 13-06-2025 | I9: 1 | K9: 851 | L9: =iferror(VLOOKUP($K9,$B$2:$C$299,2,FALSE),0) -> 5
B10: 19 | C10: =(VLOOKUP($B10,'Yarn Master'!$B$2:$C$299,2,)-SUMIF($F$3:$F$1000,$B10,$I$3:$I$1000)+SUMIF($F$3:$F$1000,$B10,$H$3:$H$1000)) -> 0 | E10: 8 | F10: 258 | G10: 14-06-2025 | I10: 5 | K10: 349 | L10: =iferror(VLOOKUP($K10,$B$2:$C$299,2,FALSE),0) -> 0
B11: 20 | C11: =(VLOOKUP($B11,'Yarn Master'!$B$2:$C$299,2,)-SUMIF($F$3:$F$1000,$B11,$I$3:$I$1000)+SUMIF($F$3:$F$1000,$B11,$H$3:$H$1000)) -> 0 | E11: 9 | F11: 330 | G11: 15-06-2025 | I11: 7
B12: 22 | C12: =(VLOOKUP($B12,'Yarn Master'!$B$2:$C$299,2,)-SUMIF($F$3:$F$1000,$B12,$I$3:$I$1000)+SUMIF($F$3:$F$1000,$B12,$H$3:$H$1000)) -> 0 | E12: 10 | F12: 254 | G12: 16-06-2025 | H12: 25
B13: 24 | C13: =(VLOOKUP($B13,'Yarn Master'!$B$2:$C$299,2,)-SUMIF($F$3:$F$1000,$B13,$I$3:$I$1000)+SUMIF($F$3:$F$1000,$B13,$H$3:$H$1000)) -> 32 | E13: 11 | F13: 69 | G13: 16-06-2025 | H13: 25
B14: 26 | C14: =(VLOOKUP($B14,'Yarn Master'!$B$2:$C$299,2,)-SUMIF($F$3:$F$1000,$B14,$I$3:$I$1000)+SUMIF($F$3:$F$1000,$B14,$H$3:$H$1000)) -> 47 | E14: 12 | F14: 1009 | G14: 16-06-2025 | H14: 25
B15: 27 | C15: =(VLOOKUP($B15,'Yarn Master'!$B$2:$C$299,2,)-SUMIF($F$3:$F$1000,$B15,$I$3:$I$1000)+SUMIF($F$3:$F$1000,$B15,$H$3:$H$1000)) -> 0 | E15: 13 | F15: 392 | G15: 16-06-2025 | H15: 25
B16: 28 | C16: =(VLOOKUP($B16,'Yarn Master'!$B$2:$C$299,2,)-SUMIF($F$3:$F$1000,$B16,$I$3:$I$1000)+SUMIF($F$3:$F$1000,$B16,$H$3:$H$1000)) -> 0 | E16: 14 | F16: 360 | G16: 16-06-2025 | H16: 25
B17: 29 | C17: =(VLOOKUP($B17,'Yarn Master'!$B$2:$C$299,2,)-SUMIF($F$3:$F$1000,$B17,$I$3:$I$1000)+SUMIF($F$3:$F$1000,$B17,$H$3:$H$1000)) -> 0 | E17: 15 | F17: 352 | G17: 16-06-2025 | H17: 25
B18: 31 | C18: =(VLOOKUP($B18,'Yarn Master'!$B$2:$C$299,2,)-SUMIF($F$3:$F$1000,$B18,$I$3:$I$1000)+SUMIF($F$3:$F$1000,$B18,$H$3:$H$1000)) -> 0 | E18: 16 | F18: 13 | G18: 17-06-2025 | I18: 4
B19: 33 | C19: =(VLOOKUP($B19,'Yarn Master'!$B$2:$C$299,2,)-SUMIF($F$3:$F$1000,$B19,$I$3:$I$1000)+SUMIF($F$3:$F$1000,$B19,$H$3:$H$1000)) -> 0 | E19: 17 | F19: 254 | G19: 17-06-2025 | I19: 4
B20: 35 | C20: =(VLOOKUP($B20,'Yarn Master'!$B$2:$C$299,2,)-SUMIF($F$3:$F$1000,$B20,$I$3:$I$1000)+SUMIF($F$3:$F$1000,$B20,$H$3:$H$1000)) -> 0 | E20: 18 | F20: 305 | G20: 17-06-2025 | I20: 4
B21: 46 | C21: =(VLOOKUP($B21,'Yarn Master'!$B$2:$C$299,2,)-SUMIF($F$3:$F$1000,$B21,$I$3:$I$1000)+SUMIF($F$3:$F$1000,$B21,$H$3:$H$1000)) -> 0 | E21: 19 | F21: 280 | G21: 17-06-2025 | I21: 4
B22: 47 | C22: =(VLOOKUP($B22,'Yarn Master'!$B$2:$C$299,2,)-SUMIF($F$3:$F$1000,$B22,$I$3:$I$1000)+SUMIF($F$3:$F$1000,$B22,$H$3:$H$1000)) -> 0 | E22: 20 | F22: 1304 | G22: 17-06-2025 | I22: 4
B23: 48 | C23: =(VLOOKUP($B23,'Yarn Master'!$B$2:$C$299,2,)-SUMIF($F$3:$F$1000,$B23,$I$3:$I$1000)+SUMIF($F$3:$F$1000,$B23,$H$3:$H$1000)) -> 0 | E23: 21 | F23: 254 | G23: 18-06-2025 | I23: 6
B24: 49 | C24: =(VLOOKUP($B24,'Yarn Master'!$B$2:$C$299,2,)-SUMIF($F$3:$F$1000,$B24,$I$3:$I$1000)+SUMIF($F$3:$F$1000,$B24,$H$3:$H$1000)) -> 0 | E24: 22 | F24: 1004 | G24: 18-06-2025 | I24: 2
B25: 50 | C25: =(VLOOKUP($B25,'Yarn Master'!$B$2:$C$299,2,)-SUMIF($F$3:$F$1000,$B25,$I$3:$I$1000)+SUMIF($F$3:$F$1000,$B25,$H$3:$H$1000)) -> 0 | E25: 23 | F25: 254 | G25: 19-06-2025 | I25: 6
B26: 52 | C26: =(VLOOKUP($B26,'Yarn Master'!$B$2:$C$299,2,)-SUMIF($F$3:$F$1000,$B26,$I$3:$I$1000)+SUMIF($F$3:$F$1000,$B26,$H$3:$H$1000)) -> 0 | E26: 24 | F26: 316 | G26: 19-06-2025 | I26: 4
B27: 54 | C27: =(VLOOKUP($B27,'Yarn Master'!$B$2:$C$299,2,)-SUMIF($F$3:$F$1000,$B27,$I$3:$I$1000)+SUMIF($F$3:$F$1000,$B27,$H$3:$H$1000)) -> 37 | E27: 25 | F27: 352 | G27: 20-06-2025 | I27: 11
B28: 55 | C28: =(VLOOKUP($B28,'Yarn Master'!$B$2:$C$299,2,)-SUMIF($F$3:$F$1000,$B28,$I$3:$I$1000)+SUMIF($F$3:$F$1000,$B28,$H$3:$H$1000)) -> 0 | E28: 26 | F28: 360 | G28: 20-06-2025 | I28: 5
B29: 56 | C29: =(VLOOKUP($B29,'Yarn Master'!$B$2:$C$299,2,)-SUMIF($F$3:$F$1000,$B29,$I$3:$I$1000)+SUMIF($F$3:$F$1000,$B29,$H$3:$H$1000)) -> 0 | E29: 27 | F29: 392 | G29: 20-06-2025 | I29: 5
... B39: 69 | C39: =(VLOOKUP($B39,'Yarn Master'!$B$2:$C$299,2,)-SUMIF($F$3:$F$1000,$B39,$I$3:$I$1000)+SUMIF($F$3:$F$1000,$B39,$H$3:$H$1000)) -> 38 | E39: 37 | F39: 360 | G39: 21-06-2025 | I39: 5
B40: 70A | C40: =(VLOOKUP($B40,'Yarn Master'!$B$2:$C$299,2,)-SUMIF($F$3:$F$1000,$B40,$I$3:$I$1000)+SUMIF($F$3:$F$1000,$B40,$H$3:$H$1000)) -> 0 | E40: 38 | F40: 352 | G40: 21-06-2025 | I40: 5
B41: 71A | C41: =(VLOOKUP($B41,'Yarn Master'!$B$2:$C$299,2,)-SUMIF($F$3:$F$1000,$B41,$I$3:$I$1000)+SUMIF($F$3:$F$1000,$B41,$H$3:$H$1000)) -> 0 | E41: 39 | F41: 303 | G41: 24-06-2025 | I41: 2
B42: 72A | C42: =(VLOOKUP($B42,'Yarn Master'!$B$2:$C$299,2,)-SUMIF($F$3:$F$1000,$B42,$I$3:$I$1000)+SUMIF($F$3:$F$1000,$B42,$H$3:$H$1000)) -> 0 | E42: 40 | F42: 1009 | G42: 24-06-2025 | I42: 3
B43: 74 | C43: =(VLOOKUP($B43,'Yarn Master'!$B$2:$C$299,2,)-SUMIF($F$3:$F$1000,$B43,$I$3:$I$1000)+SUMIF($F$3:$F$1000,$B43,$H$3:$H$1000)) -> 0 | E43: 41 | F43: 352 | G43: 24-06-2025 | I43: 1
B44: 76 | C44: =(VLOOKUP($B44,'Yarn Master'!$B$2:$C$299,2,)-SUMIF($F$3:$F$1000,$B44,$I$3:$I$1000)+SUMIF($F$3:$F$1000,$B44,$H$3:$H$1000)) -> 47 | E44: 42 | F44: 352 | G44: 25-06-2025 | I44: 3
B45: 78 | C45: =(VLOOKUP($B45,'Yarn Master'!$B$2:$C$299,2,)-SUMIF($F$3:$F$1000,$B45,$I$3:$I$1000)+SUMIF($F$3:$F$1000,$B45,$H$3:$H$1000)) -> 1 | E45: 43 | F45: 1009 | G45: 25-06-2025 | I45: 3
B46: 85 | C46: =(VLOOKUP($B46,'Yarn Master'!$B$2:$C$299,2,)-SUMIF($F$3:$F$1000,$B46,$I$3:$I$1000)+SUMIF($F$3:$F$1000,$B46,$H$3:$H$1000)) -> 0 | E46: 44 | F46: 254 | G46: 26-06-2025 | I46: 7
B47: 86 | C47: =(VLOOKUP($B47,'Yarn Master'!$B$2:$C$299,2,)-SUMIF($F$3:$F$1000,$B47,$I$3:$I$1000)+SUMIF($F$3:$F$1000,$B47,$H$3:$H$1000)) -> 0 | E47: 45 | F47: 308 | G47: 26-06-2025 | I47: 1
B48: 87 | C48: =(VLOOKUP($B48,'Yarn Master'!$B$2:$C$299,2,)-SUMIF($F$3:$F$1000,$B48,$I$3:$I$1000)+SUMIF($F$3:$F$1000,$B48,$H$3:$H$1000)) -> 0 | E48: 46 | F48: 361 | G48: 26-06-2025 | I48: 5
B49: 88 | C49: =(VLOOKUP($B49,'Yarn Master'!$B$2:$C$299,2,)-SUMIF($F$3:$F$1000,$B49,$I$3:$I$1000)+SUMIF($F$3:$F$1000,$B49,$H$3:$H$1000)) -> 0 | E49: 47 | F49: 308 | G49: 26-06-2025 | I49: 2
B50: 89 | C50: =(VLOOKUP($B50,'Yarn Master'!$B$2:$C$299,2,)-SUMIF($F$3:$F$1000,$B50,$I$3:$I$1000)+SUMIF($F$3:$F$1000,$B50,$H$3:$H$1000)) -> 0 | E50: 48 | F50: 305 | G50: 26-06-2025 | I50: 4
B51: 92 | C51: =(VLOOKUP($B51,'Yarn Master'!$B$2:$C$299,2,)-SUMIF($F$3:$F$1000,$B51,$I$3:$I$1000)+SUMIF($F$3:$F$1000,$B51,$H$3:$H$1000)) -> 0 | E51: 49 | F51: 1216 | G51: 27-06-2025 | I51: 6
B52: 94 | C52: =(VLOOKUP($B52,'Yarn Master'!$B$2:$C$299,2,)-SUMIF($F$3:$F$1000,$B52,$I$3:$I$1000)+SUMIF($F$3:$F$1000,$B52,$H$3:$H$1000)) -> 0 | E52: 50 | F52: 305 | G52: 27-06-2025 | I52: 1
B53: 95 | C53: =(VLOOKUP($B53,'Yarn Master'!$B$2:$C$299,2,)-SUMIF($F$3:$F$1000,$B53,$I$3:$I$1000)+SUMIF($F$3:$F$1000,$B53,$H$3:$H$1000)) -> 0 | E53: 51 | F53: 361 | G53: 28-06-2025 | I53: 4
B54: 96 | C54: =(VLOOKUP($B54,'Yarn Master'!$B$2:$C$299,2,)-SUMIF($F$3:$F$1000,$B54,$I$3:$I$1000)+SUMIF($F$3:$F$1000,$B54,$H$3:$H$1000)) -> 0 | E54: 52 | F54: 352 | G54: 28-06-2025 | I54: 2
... B60: 104 | C60: =(VLOOKUP($B60,'Yarn Master'!$B$2:$C$299,2,)-SUMIF($F$3:$F$1000,$B60,$I$3:$I$1000)+SUMIF($F$3:$F$1000,$B60,$H$3:$H$1000)) -> 0 | E60: 58 | F60: 392 | G60: 29-06-2025 | I60: 1
B61: 106 | C61: =(VLOOKUP($B61,'Yarn Master'!$B$2:$C$299,2,)-SUMIF($F$3:$F$1000,$B61,$I$3:$I$1000)+SUMIF($F$3:$F$1000,$B61,$H$3:$H$1000)) -> 0 | E61: 59 | F61: 1221 | G61: 45664 | I61: 1
B62: 107 | C62: =(VLOOKUP($B62,'Yarn Master'!$B$2:$C$299,2,)-SUMIF($F$3:$F$1000,$B62,$I$3:$I$1000)+SUMIF($F$3:$F$1000,$B62,$H$3:$H$1000)) -> 0 | E62: 60 | F62: 308 | G62: 45664 | I62: 1
B63: 108 | C63: =(VLOOKUP($B63,'Yarn Master'!$B$2:$C$299,2,)-SUMIF($F$3:$F$1000,$B63,$I$3:$I$1000)+SUMIF($F$3:$F$1000,$B63,$H$3:$H$1000)) -> 0 | E63: 61 | F63: 330 | G63: 45695 | I63: 3
B64: 110 | C64: =(VLOOKUP($B64,'Yarn Master'!$B$2:$C$299,2,)-SUMIF($F$3:$F$1000,$B64,$I$3:$I$1000)+SUMIF($F$3:$F$1000,$B64,$H$3:$H$1000)) -> 0 | E64: 62 | F64: 303 | G64: 45695 | I64: 2
B65: 111 | C65: =(VLOOKUP($B65,'Yarn Master'!$B$2:$C$299,2,)-SUMIF($F$3:$F$1000,$B65,$I$3:$I$1000)+SUMIF($F$3:$F$1000,$B65,$H$3:$H$1000)) -> 0 | E65: 63 | F65: 1004 | G65: 45695 | I65: 3
B66: 112 | C66: =(VLOOKUP($B66,'Yarn Master'!$B$2:$C$299,2,)-SUMIF($F$3:$F$1000,$B66,$I$3:$I$1000)+SUMIF($F$3:$F$1000,$B66,$H$3:$H$1000)) -> 0 | E66: 64 | F66: 305 | G66: 45695 | I66: 2
B67: 117 | C67: =(VLOOKUP($B67,'Yarn Master'!$B$2:$C$299,2,)-SUMIF($F$3:$F$1000,$B67,$I$3:$I$1000)+SUMIF($F$3:$F$1000,$B67,$H$3:$H$1000)) -> 0 | E67: 65 | F67: 1221 | G67: 45695 | I67: 1
B68: 118 | C68: =(VLOOKUP($B68,'Yarn Master'!$B$2:$C$299,2,)-SUMIF($F$3:$F$1000,$B68,$I$3:$I$1000)+SUMIF($F$3:$F$1000,$B68,$H$3:$H$1000)) -> 0 | E68: 66 | F68: 169 | G68: 45695 | I68: 2
B69: 119 | C69: =(VLOOKUP($B69,'Yarn Master'!$B$2:$C$299,2,)-SUMIF($F$3:$F$1000,$B69,$I$3:$I$1000)+SUMIF($F$3:$F$1000,$B69,$H$3:$H$1000)) -> 0 | E69: 67 | F69: 530 | G69: 45695 | I69: 1
B70: 120 | C70: =(VLOOKUP($B70,'Yarn Master'!$B$2:$C$299,2,)-SUMIF($F$3:$F$1000,$B70,$I$3:$I$1000)+SUMIF($F$3:$F$1000,$B70,$H$3:$H$1000)) -> 0 | E70: 68 | F70: 204 | G70: 45695 | I70: 2
B71: 121 | C71: =(VLOOKUP($B71,'Yarn Master'!$B$2:$C$299,2,)-SUMIF($F$3:$F$1000,$B71,$I$3:$I$1000)+SUMIF($F$3:$F$1000,$B71,$H$3:$H$1000)) -> 0 | E71: 69 | F71: 352 | G71: 45695 | I71: 2
B72: 123 | C72: =(VLOOKUP($B72,'Yarn Master'!$B$2:$C$299,2,)-SUMIF($F$3:$F$1000,$B72,$I$3:$I$1000)+SUMIF($F$3:$F$1000,$B72,$H$3:$H$1000)) -> 0 | E72: 70 | F72: 316 | G72: 45695 | I72: 2
... B87: 154 | C87: =(VLOOKUP($B87,'Yarn Master'!$B$2:$C$299,2,)-SUMIF($F$3:$F$1000,$B87,$I$3:$I$1000)+SUMIF($F$3:$F$1000,$B87,$H$3:$H$1000)) -> 0 | E87: 85 | F87: 1009 | G87: 45907 | I87: 3
B88: 155 | C88: =(VLOOKUP($B88,'Yarn Master'!$B$2:$C$299,2,)-SUMIF($F$3:$F$1000,$B88,$I$3:$I$1000)+SUMIF($F$3:$F$1000,$B88,$H$3:$H$1000)) -> 0 | E88: 86 | F88: 254 | G88: 45907 | H88: 25
B89: 156 | C89: =(VLOOKUP($B89,'Yarn Master'!$B$2:$C$299,2,)-SUMIF($F$3:$F$1000,$B89,$I$3:$I$1000)+SUMIF($F$3:$F$1000,$B89,$H$3:$H$1000)) -> 25 | E89: 87 | F89: 361 | G89: 45907 | H89: 25
B90: 157 | C90: =(VLOOKUP($B90,'Yarn Master'!$B$2:$C$299,2,)-SUMIF($F$3:$F$1000,$B90,$I$3:$I$1000)+SUMIF($F$3:$F$1000,$B90,$H$3:$H$1000)) -> 0 | E90: 88 | F90: 258 | G90: 45907 | H90: 25
B91: 158 | C91: =(VLOOKUP($B91,'Yarn Master'!$B$2:$C$299,2,)-SUMIF($F$3:$F$1000,$B91,$I$3:$I$1000)+SUMIF($F$3:$F$1000,$B91,$H$3:$H$1000)) -> 0 | E91: 89 | F91: 254 | G91: 45937 | I91: 6
B92: 159 | C92: =(VLOOKUP($B92,'Yarn Master'!$B$2:$C$299,2,)-SUMIF($F$3:$F$1000,$B92,$I$3:$I$1000)+SUMIF($F$3:$F$1000,$B92,$H$3:$H$1000)) -> 22 | E92: 90 | F92: 530 | G92: 45937 | I92: 2
B93: 160 | C93: =(VLOOKUP($B93,'Yarn Master'!$B$2:$C$299,2,)-SUMIF($F$3:$F$1000,$B93,$I$3:$I$1000)+SUMIF($F$3:$F$1000,$B93,$H$3:$H$1000)) -> 0 | E93: 91 | F93: 169 | G93: 45937 | I93: 2
B94: 161 | C94: =(VLOOKUP($B94,'Yarn Master'!$B$2:$C$299,2,)-SUMIF($F$3:$F$1000,$B94,$I$3:$I$1000)+SUMIF($F$3:$F$1000,$B94,$H$3:$H$1000)) -> 0 | E94: 92 | F94: 330 | G94: 45998 | I94: 3
B95: 162 | C95: =(VLOOKUP($B95,'Yarn Master'!$B$2:$C$299,2,)-SUMIF($F$3:$F$1000,$B95,$I$3:$I$1000)+SUMIF($F$3:$F$1000,$B95,$H$3:$H$1000)) -> 0 | E95: 93 | F95: 1009 | G95: 45998 | I95: 3
B96: 164 | C96: =(VLOOKUP($B96,'Yarn Master'!$B$2:$C$299,2,)-SUMIF($F$3:$F$1000,$B96,$I$3:$I$1000)+SUMIF($F$3:$F$1000,$B96,$H$3:$H$1000)) -> 43 | E96: 94 | F96: 305 | G96: 45998 | I96: 3
B97: 167 | C97: =(VLOOKUP($B97,'Yarn Master'!$B$2:$C$299,2,)-SUMIF($F$3:$F$1000,$B97,$I$3:$I$1000)+SUMIF($F$3:$F$1000,$B97,$H$3:$H$1000)) -> 8 | E97: 95 | F97: 258 | G97: 45998 | I97: 3
B98: 168 | C98: =(VLOOKUP($B98,'Yarn Master'!$B$2:$C$299,2,)-SUMIF($F$3:$F$1000,$B98,$I$3:$I$1000)+SUMIF($F$3:$F$1000,$B98,$H$3:$H$1000)) -> 81 | E98: 96 | F98: 303 | G98: 45998 | I98: 2
B99: 169 | C99: =(VLOOKUP($B99,'Yarn Master'!$B$2:$C$299,2,)-SUMIF($F$3:$F$1000,$B99,$I$3:$I$1000)+SUMIF($F$3:$F$1000,$B99,$H$3:$H$1000)) -> 45 | E99: 97 | F99: 13 | G99: 45998 | I99: 3
B100: 170 | C100: =(VLOOKUP($B100,'Yarn Master'!$B$2:$C$299,2,)-SUMIF($F$3:$F$1000,$B100,$I$3:$I$1000)+SUMIF($F$3:$F$1000,$B100,$H$3:$H$1000)) -> 0 | E100: 98 | F100: 254 | G100: 45998 | I100: 2
B101: 185 | C101: =(VLOOKUP($B101,'Yarn Master'!$B$2:$C$299,2,)-SUMIF($F$3:$F$1000,$B101,$I$3:$I$1000)+SUMIF($F$3:$F$1000,$B101,$H$3:$H$1000)) -> 0 | E101: 99 | F101: 1220 | G101: 15-07-2025 | I101: 5
B102: 186 | C102: =(VLOOKUP($B102,'Yarn Master'!$B$2:$C$299,2,)-SUMIF($F$3:$F$1000,$B102,$I$3:$I$1000)+SUMIF($F$3:$F$1000,$B102,$H$3:$H$1000)) -> 0 | E102: 100 | F102: 337 | G102: 15-07-2025 | I102: 4
B103: 187 | C103: =(VLOOKUP($B103,'Yarn Master'!$B$2:$C$299,2,)-SUMIF($F$3:$F$1000,$B103,$I$3:$I$1000)+SUMIF($F$3:$F$1000,$B103,$H$3:$H$1000)) -> 0 | E103: 101 | F103: 1221 | G103: 15-07-2025 | I103: 4
B104: 188 | C104: =(VLOOKUP($B104,'Yarn Master'!$B$2:$C$299,2,)-SUMIF($F$3:$F$1000,$B104,$I$3:$I$1000)+SUMIF($F$3:$F$1000,$B104,$H$3:$H$1000)) -> 0 | E104: 102 | F104: 280 | G104: 15-07-2025 | I104: 3
B105: 189 | C105: =(VLOOKUP($B105,'Yarn Master'!$B$2:$C$299,2,)-SUMIF($F$3:$F$1000,$B105,$I$3:$I$1000)+SUMIF($F$3:$F$1000,$B105,$H$3:$H$1000)) -> 0 | E105: 103 | F105: 1216 | G105: 15-07-2025 | I105: 4
B106: 202 | C106: =(VLOOKUP($B106,'Yarn Master'!$B$2:$C$299,2,)-SUMIF($F$3:$F$1000,$B106,$I$3:$I$1000)+SUMIF($F$3:$F$1000,$B106,$H$3:$H$1000)) -> 0 | E106: 104 | F106: 204 | G106: 18-07-2025 | I106: 5
B107: 203 | C107: =(VLOOKUP($B107,'Yarn Master'!$B$2:$C$299,2,)-SUMIF($F$3:$F$1000,$B107,$I$3:$I$1000)+SUMIF($F$3:$F$1000,$B107,$H$3:$H$1000)) -> 0 | E107: 105 | F107: 168 | G107: 18-07-2025 | I107: 2
B108: 204 | C108: =(VLOOKUP($B108,'Yarn Master'!$B$2:$C$299,2,)-SUMIF($F$3:$F$1000,$B108,$I$3:$I$1000)+SUMIF($F$3:$F$1000,$B108,$H$3:$H$1000)) -> 29 | E108: 106 | F108: 267 | G108: 18-07-2025 | I108: 2
B109: 205 | C109: =(VLOOKUP($B109,'Yarn Master'!$B$2:$C$299,2,)-SUMIF($F$3:$F$1000,$B109,$I$3:$I$1000)+SUMIF($F$3:$F$1000,$B109,$H$3:$H$1000)) -> 0 | E109: 107 | F109: 280 | G109: 18-07-2025 | I109: 2
B110: 208 | C110: =(VLOOKUP($B110,'Yarn Master'!$B$2:$C$299,2,)-SUMIF($F$3:$F$1000,$B110,$I$3:$I$1000)+SUMIF($F$3:$F$1000,$B110,$H$3:$H$1000)) -> 0 | E110: 108 | F110: 69 | G110: 18-07-2025 | I110: 1
B111: 210 | C111: =(VLOOKUP($B111,'Yarn Master'!$B$2:$C$299,2,)-SUMIF($F$3:$F$1000,$B111,$I$3:$I$1000)+SUMIF($F$3:$F$1000,$B111,$H$3:$H$1000)) -> 0 | E111: 109 | F111: 9501 | G111: 18-07-2025 | I111: 1
B112: 211 | C112: =(VLOOKUP($B112,'Yarn Master'!$B$2:$C$299,2,)-SUMIF($F$3:$F$1000,$B112,$I$3:$I$1000)+SUMIF($F$3:$F$1000,$B112,$H$3:$H$1000)) -> 0 | E112: 110 | F112: 308 | G112: 18-07-2025 | I112: 2
... B120: 237 | C120: =(VLOOKUP($B120,'Yarn Master'!$B$2:$C$299,2,)-SUMIF($F$3:$F$1000,$B120,$I$3:$I$1000)+SUMIF($F$3:$F$1000,$B120,$H$3:$H$1000)) -> 40 | E120: 118 | F120: 360 | G120: 23-07-2025 | I120: 2
B121: 238 | C121: =(VLOOKUP($B121,'Yarn Master'!$B$2:$C$299,2,)-SUMIF($F$3:$F$1000,$B121,$I$3:$I$1000)+SUMIF($F$3:$F$1000,$B121,$H$3:$H$1000)) -> 0 | E121: 119 | F121: 169 | G121: 23-07-2025 | H121: 25
B122: 239 | C122: =(VLOOKUP($B122,'Yarn Master'!$B$2:$C$299,2,)-SUMIF($F$3:$F$1000,$B122,$I$3:$I$1000)+SUMIF($F$3:$F$1000,$B122,$H$3:$H$1000)) -> 0 | E122: 120 | F122: 308 | G122: 23-07-2025 | H122: 25
B123: 241 | C123: =(VLOOKUP($B123,'Yarn Master'!$B$2:$C$299,2,)-SUMIF($F$3:$F$1000,$B123,$I$3:$I$1000)+SUMIF($F$3:$F$1000,$B123,$H$3:$H$1000)) -> 0 | E123: 121 | F123: 303 | G123: 23-07-2025 | H123: 25
B124: 243 | C124: =(VLOOKUP($B124,'Yarn Master'!$B$2:$C$299,2,)-SUMIF($F$3:$F$1000,$B124,$I$3:$I$1000)+SUMIF($F$3:$F$1000,$B124,$H$3:$H$1000)) -> 41 | E124: 122 | F124: 245 | G124: 23-07-2025 | H124: 25
B125: 245 | C125: =(VLOOKUP($B125,'Yarn Master'!$B$2:$C$299,2,)-SUMIF($F$3:$F$1000,$B125,$I$3:$I$1000)+SUMIF($F$3:$F$1000,$B125,$H$3:$H$1000)) -> 55 | E125: 123 | F125: 258 | G125: 23-07-2025 | H125: 25
B126: 246 | C126: =(VLOOKUP($B126,'Yarn Master'!$B$2:$C$299,2,)-SUMIF($F$3:$F$1000,$B126,$I$3:$I$1000)+SUMIF($F$3:$F$1000,$B126,$H$3:$H$1000)) -> 0 | E126: 124 | F126: 1220 | G126: 23-07-2025 | I126: 4
B127: 253 | C127: =(VLOOKUP($B127,'Yarn Master'!$B$2:$C$299,2,)-SUMIF($F$3:$F$1000,$B127,$I$3:$I$1000)+SUMIF($F$3:$F$1000,$B127,$H$3:$H$1000)) -> 0 | E127: 125 | F127: 169 | G127: 23-07-2025 | I127: 5
B128: 254 | C128: =(VLOOKUP($B128,'Yarn Master'!$B$2:$C$299,2,)-SUMIF($F$3:$F$1000,$B128,$I$3:$I$1000)+SUMIF($F$3:$F$1000,$B128,$H$3:$H$1000)) -> 31 | E128: 126 | F128: 308 | G128: 23-07-2025 | I128: 5
B129: 255 | C129: =(VLOOKUP($B129,'Yarn Master'!$B$2:$C$299,2,)-SUMIF($F$3:$F$1000,$B129,$I$3:$I$1000)+SUMIF($F$3:$F$1000,$B129,$H$3:$H$1000)) -> 0 | E129: 127 | F129: 303 | G129: 23-07-2025 | I129: 3
B130: 256 | C130: =(VLOOKUP($B130,'Yarn Master'!$B$2:$C$299,2,)-SUMIF($F$3:$F$1000,$B130,$I$3:$I$1000)+SUMIF($F$3:$F$1000,$B130,$H$3:$H$1000)) -> 0 | E130: 128 | F130: 258 | G130: 23-07-2025 | I130: 3
B131: 257 | C131: =(VLOOKUP($B131,'Yarn Master'!$B$2:$C$299,2,)-SUMIF($F$3:$F$1000,$B131,$I$3:$I$1000)+SUMIF($F$3:$F$1000,$B131,$H$3:$H$1000)) -> 0 | E131: 129 | F131: 245 | G131: 23-07-2025 | I131: 3
B132: 258 | C132: =(VLOOKUP($B132,'Yarn Master'!$B$2:$C$299,2,)-SUMIF($F$3:$F$1000,$B132,$I$3:$I$1000)+SUMIF($F$3:$F$1000,$B132,$H$3:$H$1000)) -> 62 | E132: 130 | F132: 360 | G132: 24-07-2025 | I132: 2
B133: 262 | C133: =(VLOOKUP($B133,'Yarn Master'!$B$2:$C$299,2,)-SUMIF($F$3:$F$1000,$B133,$I$3:$I$1000)+SUMIF($F$3:$F$1000,$B133,$H$3:$H$1000)) -> 0 | E133: 131 | F133: 530 | G133: 24-07-2025 | I133: 3
B134: 264 | C134: =(VLOOKUP($B134,'Yarn Master'!$B$2:$C$299,2,)-SUMIF($F$3:$F$1000,$B134,$I$3:$I$1000)+SUMIF($F$3:$F$1000,$B134,$H$3:$H$1000)) -> 21 | E134: 132 | F134: 168 | G134: 25-07-2025 | I134: 1
B135: 265 | C135: =(VLOOKUP($B135,'Yarn Master'!$B$2:$C$299,2,)-SUMIF($F$3:$F$1000,$B135,$I$3:$I$1000)+SUMIF($F$3:$F$1000,$B135,$H$3:$H$1000)) -> 39 | E135: 133 | F135: 308 | G135: 25-07-2025 | I135: 1
B136: 267 | C136: =(VLOOKUP($B136,'Yarn Master'!$B$2:$C$299,2,)-SUMIF($F$3:$F$1000,$B136,$I$3:$I$1000)+SUMIF($F$3:$F$1000,$B136,$H$3:$H$1000)) -> 51 | E136: 134 | F136: 258 | G136: 25-07-2025 | I136: 2
...
